fips_code,county,state,state_fips,week_start,week_end,period,iso_year_week,new_cases_week,new_deaths_week,new_cases_week_rate_10k,new_deaths_week_rate_10k,Business.Economic.Restrictions,Education.Childcare,Emergency.Governance,Healthcare.System,Other.Uncategorized,Masking,Gatherings.Venues,Reopening.Phase,party_ind,Population.raw.value,X..65.and.older.raw.value,X..Rural.raw.value,Median.household.income.raw.value,Unemployment.raw.value,Children.in.poverty.raw.value,Income.inequality.raw.value,Uninsured.raw.value,Other.primary.care.providers.raw.value,Mental.health.providers.raw.value,Physical.inactivity.raw.value,Severe.housing.problems.raw.value,Percentage.of.households.with.overcrowding,Air.pollution...particulate.matter.raw.value,Adult.obesity.raw.value,Diabetes.prevalence.raw.value,Driving.alone.to.work.raw.value,Long.commute...driving.alone.raw.value,avg_temp_f
4001,Apache County,AZ,4,2020-04-30,2020-05-06,2020-05,2020-W19,220,2,30.6329889442758,0.278481717675235,0.82258064516129,0.25,0.166666666666667,0.5,0.5,0.333333333333333,0.189516129032258,0.125,1,71818,0.1529700075,0.7406107553,33652,0.1006532785,0.473,7.6315514721,0.1917271189,0.0007519006,0.0008911415,0.272,0.3188630491,0.1439276486,5.7,0.335,0.168,0.7749022631,0.393,61
4001,Apache County,AZ,4,2020-05-07,2020-05-13,2020-05,2020-W20,205,5,28.5443760617115,0.696204294188087,0.82258064516129,0.25,0.166666666666667,0.5,0.5,0.333333333333333,0.189516129032258,0.125,1,71818,0.1529700075,0.7406107553,33652,0.1006532785,0.473,7.6315514721,0.1917271189,0.0007519006,0.0008911415,0.272,0.3188630491,0.1439276486,5.7,0.335,0.168,0.7749022631,0.393,61
8083,Montezuma County,CO,8,2020-04-30,2020-05-06,2020-05,2020-W19,5,0,1.9114611208808,0,0.333333333333333,0,0.166666666666667,0.7,0.5,0.333333333333333,0.125,0.145161290322581,0,26158,0.2211560517,0.6718229881,50180,0.0473834158,0.288,4.3927545406,0.1379889372,0.0008410429,0.0015291689,0.216,0.1572052402,0.0281416788,5.1,0.277,0.124,0.8123001005,0.198,59.6
8083,Montezuma County,CO,8,2020-05-07,2020-05-13,2020-05,2020-W20,4,1,1.52916889670464,0.38229222417616,0.333333333333333,0,0.166666666666667,0.7,0.5,0.333333333333333,0.125,0.145161290322581,0,26158,0.2211560517,0.6718229881,50180,0.0473834158,0.288,4.3927545406,0.1379889372,0.0008410429,0.0015291689,0.216,0.1572052402,0.0281416788,5.1,0.277,0.124,0.8123001005,0.198,59.6
17031,Cook County,IL,17,2020-04-30,2020-05-06,2020-05,2020-W19,11809,488,22.7951277996129,0.941995288865365,0.655913978494624,0.245967741935484,0.166666666666667,0.3,0.5,0.666666666666667,0.133064516129032,0.137096774193548,1,5180493,0.146350357,0.0004529639,63347,0.0403632072,0.188,5.5375234522,0.0997226849,0.0008167176,0.002711325,0.21,0.2216842035,0.0362778329,15,0.28,0.095,0.6140234964,0.53,58
17031,Cook County,IL,17,2020-05-07,2020-05-13,2020-05,2020-W20,9717,585,18.7569020940671,1.1292361557095,0.655913978494624,0.245967741935484,0.166666666666667,0.3,0.5,0.666666666666667,0.133064516129032,0.137096774193548,1,5180493,0.146350357,0.0004529639,63347,0.0403632072,0.188,5.5375234522,0.0997226849,0.0008167176,0.002711325,0.21,0.2216842035,0.0362778329,15,0.28,0.095,0.6140234964,0.53,58
18089,Lake County,IN,18,2020-04-30,2020-05-06,2020-05,2020-W19,447,32,9.22770127020237,0.660596064086076,0.575268817204301,0.125,0.166666666666667,0.5,0.5,0.333333333333333,0.25,0.169354838709677,1,484411,0.1653637097,0.0396810516,55280,0.0494130001,0.246,4.6854950252,0.0967906025,0.0008257451,0.0017650301,0.273,0.153823178,0.0234604106,14.3,0.355,0.131,0.8342953184,0.403,58.1
18089,Lake County,IN,18,2020-05-07,2020-05-13,2020-05,2020-W20,355,22,7.3284875859549,0.454159794059177,0.575268817204301,0.125,0.166666666666667,0.5,0.5,0.333333333333333,0.25,0.169354838709677,1,484411,0.1653637097,0.0396810516,55280,0.0494130001,0.246,4.6854950252,0.0967906025,0.0008257451,0.0017650301,0.273,0.153823178,0.0234604106,14.3,0.355,0.131,0.8342953184,0.403,58.1
20209,Wyandotte County,KS,20,2020-04-30,2020-05-06,2020-05,2020-W19,291,9,17.6018001016186,0.544385570153154,0.698924731182796,0.125,0.166666666666667,0.2,0.5,0,0.125,0.125,1,165324,0.1226742639,0.0606266468,47084,0.048203139,0.265,4.4483081241,0.1546034358,0.0012339406,0.0015303283,0.329,0.1977482435,0.0376703632,10.1,0.395,0.128,0.8119938479,0.235,62.2
20209,Wyandotte County,KS,20,2020-05-07,2020-05-13,2020-05,2020-W20,188,2,11.3716096876437,0.120974571145145,0.698924731182796,0.125,0.166666666666667,0.2,0.5,0,0.125,0.125,1,165324,0.1226742639,0.0606266468,47084,0.048203139,0.265,4.4483081241,0.1546034358,0.0012339406,0.0015303283,0.329,0.1977482435,0.0376703632,10.1,0.395,0.128,0.8119938479,0.235,62.2
29095,Jackson County,MO,29,2020-04-30,2020-05-06,2020-05,2020-W19,229,5,3.26999444529328,0.0713972586308576,0.32258064516129,0,0.166666666666667,0.4,0,0,0.125,0.125,0,700307,0.149441602,0.0383693437,55864,0.037334846,0.19,4.723804333,0.1258596494,0.0013522641,0.002370389,0.228,0.1628289177,0.0157483159,10.4,0.321,0.111,0.8317410801,0.332,62
29095,Jackson County,MO,29,2020-05-07,2020-05-13,2020-05,2020-W20,142,0,2.02768214511636,0,0.32258064516129,0,0.166666666666667,0.4,0,0,0.125,0.125,0,700307,0.149441602,0.0383693437,55864,0.037334846,0.19,4.723804333,0.1258596494,0.0013522641,0.002370389,0.228,0.1628289177,0.0157483159,10.4,0.321,0.111,0.8317410801,0.332,62
34017,Hudson County,NJ,34,2020-04-30,2020-05-06,2020-05,2020-W19,1603,145,23.7108781604027,2.14477687664279,0.241935483870968,0,0.166666666666667,0.419354838709677,0.5,0.666666666666667,0,0,1,676061,0.1182141848,0,73337,0.0387317938,0.223,6.0534077654,0.1324852648,0.0002854772,0.0006375164,0.288,0.285186436,0.0698067105,9.9,0.239,0.077,0.3719651179,0.518,60.3
34017,Hudson County,NJ,34,2020-05-07,2020-05-13,2020-05,2020-W20,1264,104,18.6965377384585,1.53832272531621,0.241935483870968,0,0.166666666666667,0.419354838709677,0.5,0.666666666666667,0,0,1,676061,0.1182141848,0,73337,0.0387317938,0.223,6.0534077654,0.1324852648,0.0002854772,0.0006375164,0.288,0.285186436,0.0698067105,9.9,0.239,0.077,0.3719651179,0.518,60.3
35045,San Juan County,NM,35,2020-04-30,2020-05-06,2020-05,2020-W19,268,24,21.4326271762514,1.91933974712699,0.747311827956989,0,0.166666666666667,0.6,0.5,0.551282051282051,0.125,0.125,0,125043,0.1494285966,0.3366399065,46578,0.0576546053,0.269,4.8610710556,0.1398548169,0.0008477084,0.0022312325,0.239,0.1725356403,0.0612891434,6.5,0.332,0.126,0.8308006896,0.305,62.9
35045,San Juan County,NM,35,2020-05-07,2020-05-13,2020-05,2020-W20,359,18,28.7101237174412,1.43950481034524,0.747311827956989,0,0.166666666666667,0.6,0.5,0.551282051282051,0.125,0.125,0,125043,0.1494285966,0.3366399065,46578,0.0576546053,0.269,4.8610710556,0.1398548169,0.0008477084,0.0022312325,0.239,0.1725356403,0.0612891434,6.5,0.332,0.126,0.8308006896,0.305,62.9
36061,New York County,NY,36,2020-04-30,2020-05-06,2020-05,2020-W19,1644,171,10.0939337545688,1.0499164671723,0.166666666666667,0,0.166666666666667,0.6,0.5,1,0,0,1,1628701,0.1651021274,0,84610,0.0367206651,0.197,9.2065919578,0.0615572813,0.0023577072,0.0085872115,0.175,0.2437863775,0.0545471439,10.8,0.146,0.065,0.0604752234,0.667,60.1
36061,New York County,NY,36,2020-05-07,2020-05-13,2020-05,2020-W20,1037,107,6.3670372892262,0.656965274780331,0.166666666666667,0,0.166666666666667,0.6,0.5,1,0,0,1,1628701,0.1651021274,0,84610,0.0367206651,0.197,9.2065919578,0.0615572813,0.0023577072,0.0085872115,0.175,0.2437863775,0.0545471439,10.8,0.146,0.065,0.0604752234,0.667,60.1
49037,San Juan County,UT,49,2020-04-30,2020-05-06,2020-05,2020-W19,81,0,52.4305780309405,0,0.722222222222222,0.125,0.166666666666667,0.5,0.758064516129032,0.666666666666667,0.25,0.125,0,15449,0.1415625607,0.7786518378,42982,0.0623805387,0.268,6.1300071647,0.1697552584,0.001165124,0.0012298531,0.228,0.1886075949,0.0708860759,5.3,0.352,0.121,0.7708567153,0.277,64.7
49037,San Juan County,UT,49,2020-05-07,2020-05-13,2020-05,2020-W20,31,1,20.0660236908538,0.647291086801735,0.722222222222222,0.125,0.166666666666667,0.5,0.758064516129032,0.666666666666667,0.25,0.125,0,15449,0.1415625607,0.7786518378,42982,0.0623805387,0.268,6.1300071647,0.1697552584,0.001165124,0.0012298531,0.228,0.1886075949,0.0708860759,5.3,0.352,0.121,0.7708567153,0.277,64.7
